{
  "id": "sta-officers-log",
  "title": "STA Officers Log",
  "description": "<p>GM instructions and log automation for STA officer callbacks.</p>",
  "version": "1.1.1",
  "authors": [{"name": "Alex Boer", "url": "https://alexrunsgames.com"}],
  "license": "GPL-3.0",
  "readme": "README.md",
  "manifest": "https://github.com/AlexBoer/sta-officers-log/releases/latest/download/module.json",
  "download": "https://github.com/AlexBoer/sta-officers-log/releases/download/1.1.1/module.zip",
  "repository": "https://github.com/AlexBoer/sta-officers-log",
  "bugs": "https://github.com/AlexBoer/sta-officers-log/issues",
  "changelog": "https://github.com/AlexBoer/sta-officers-log/releases",
  "compatibility": {
    "minimum": "13",
    "verified": "13"
  },
  "esmodules": [
    "scripts/main.js"
  ],
  "socket": true,
  "styles": [
    {
      "src": "styles/sta-officers.css"
    },
    {
      "src": "styles/sta-style-enhance.css"
    }
  ],
  "relationships": {
    "systems": [
      {
        "id": "sta",
        "type": "system",
        "compatibility": {
          "verified": "1.3.1"
        }
      }
    ],
    "requires": [
      {
        "id": "socketlib",
        "type": "module",
        "manifest": "https://github.com/farling42/foundryvtt-socketlib/releases/download/v1.1.3/module.json",
        "compatibility": {}
      }
    ]
  },
  "languages": [
    {
      "lang": "en",
      "name": "English",
      "path": "lang/en.json",
      "flags": {}
    }
  ],
  "packs": [
    {
      "name": "officers-log-macros",
      "label": "STA Officer's Log Macros",
      "path": "packs/officers-log-macros",
      "type": "Macro",
      "ownership": {
        "PLAYER": "OBSERVER",
        "ASSISTANT": "OWNER"
      },
      "system": "sta"
    }
  ],
  "flags": {}
}