{
  "id": "sta-officers-log",
  "title": "STA Officers Log",
  "description": "<p>GM instructions and log automation for STA officer callbacks.</p>",
  "version": "1.0.6",
  "manifest": "https://github.com/AlexBoer/sta-officers-log/releases/latest/download/module.json",
  "download": "https://github.com/AlexBoer/sta-officers-log/releases/download/1.0.6/module.zip",
  "compatibility": {
    "minimum": "13",
    "verified": "13"
  },
  "esmodules": [
    "scripts/main.js"
  ],
  "socket": true,
"styles": [
  { "src": "styles/sta-officers.css" },
  { "src": "styles/sta-style-enhance.css" }
],
  "relationships": {
    "systems": [
      {
        "id": "sta",
        "type": "system",
        "compatibility": {
          "verified": "1.3.1"
        }
      }
    ]
  },
  "languages": [
    {
      "lang": "en",
      "name": "English",
      "path": "lang/en.json",
      "flags": {}
    }
  ],
  "flags": {}
}